ClientID,DataCitire,Consum_kWh,TipClient,Locatie,StatusContor,ConsumMediuZi_kWh
12344,2025-05-31,49.87,Casnic,Bucuresti,Ok,1.6087096774193548
12345,2025-06-22,49.84,Casnic,Brasov,Ok,1.6077419354838711
12343,2025-05-17,49.82,Casnic,Brasov,Ok,1.6606666666666667
12352,2025-06-27,49.75,Casnic,Brasov,Defect,1.6048387096774193
12356,2025-06-05,49.74,Casnic,Brasov,Defect,1.604516129032258
12356,2025-05-03,49.73,Casnic,Iasi,Defect,1.6576666666666666
12345,2025-06-17,49.59,Casnic,Timisoara,Defect,1.5996774193548389
12350,2025-05-27,49.56,Casnic,Brasov,Defect,1.6520000000000001
12344,2025-05-29,49.53,Casnic,Iasi,Defect,1.651
12360,2025-05-18,49.4,Casnic,Cluj,Defect,1.6466666666666667
12346,2025-06-30,49.23,Casnic,Iasi,Ok,1.588064516129032
12348,2025-06-11,49.18,Casnic,Cluj,Defect,1.5864516129032258
12346,2025-06-07,49.01,Casnic,Timisoara,Ok,1.5809677419354837
12359,2025-06-23,48.9,Casnic,Timisoara,Defect,1.5774193548387097
12358,2025-06-08,48.48,Casnic,Iasi,Defect,1.5638709677419353
12342,2025-05-05,48.32,Casnic,Iasi,Ok,1.6106666666666667
12341,2025-05-31,48.21,Casnic,Bucuresti,Defect,1.5551612903225807
12348,2025-06-21,48.13,Casnic,Timisoara,Defect,1.5525806451612905
12356,2025-05-19,47.96,Casnic,Bucuresti,Ok,1.5986666666666667
12349,2025-06-02,47.84,Casnic,Brasov,Ok,1.5432258064516131
12353,2025-06-20,47.75,Casnic,Bucuresti,Ok,1.5403225806451613
12345,2025-05-31,47.65,Casnic,Iasi,Ok,1.5370967741935484
12356,2025-06-25,47.54,Casnic,Bucuresti,Ok,1.533548387096774
12358,2025-06-16,47.49,Casnic,Brasov,Defect,1.5319354838709678
12355,2025-05-08,47.36,Casnic,Bucuresti,Ok,1.5786666666666667
12358,2025-05-23,47.32,Casnic,Bucuresti,Ok,1.5773333333333333
12348,2025-05-31,47.28,Casnic,Bucuresti,Ok,1.5251612903225806
12347,2025-05-21,47.13,Casnic,Cluj,Defect,1.5710000000000002
12346,2025-05-11,47.06,Casnic,Brasov,Ok,1.5686666666666667
12359,2025-06-22,46.98,Casnic,Iasi,Ok,1.5154838709677418
12360,2025-06-27,46.93,Casnic,Brasov,Defect,1.5138709677419355
12360,2025-06-22,46.58,Casnic,Bucuresti,Defect,1.5025806451612902
12349,2025-05-15,46.45,Casnic,Bucuresti,Ok,1.5483333333333333
12344,2025-06-24,46.1,Casnic,Cluj,Ok,1.4870967741935484
12345,2025-05-22,46.09,Casnic,Brasov,Defect,1.5363333333333336
12359,2025-06-27,46.05,Casnic,Brasov,Ok,1.4854838709677418
12359,2025-06-15,45.96,Casnic,Timisoara,Ok,1.4825806451612904
12344,2025-05-25,45.95,Casnic,Brasov,Ok,1.5316666666666667
12346,2025-06-12,45.7,Casnic,Iasi,Ok,1.474193548387097
12360,2025-11-05,45.61,Casnic,Bucuresti,Defect,1.471290322580645
12340,2025-06-27,45.38,Casnic,Bucuresti,Ok,1.4638709677419355
12342,2025-06-04,45.37,Casnic,Brasov,Defect,1.463548387096774
12358,2025-01-06,45.35,Casnic,Bucuresti,Ok,1.4629032258064516
12351,2025-05-28,44.77,Casnic,Bucuresti,Defect,1.4923333333333335
12355,2025-06-13,44.76,Casnic,Iasi,Defect,1.4438709677419355
12347,2025-01-06,44.71,Casnic,Brasov,Defect,1.4422580645161291
12355,2025-06-10,44.68,Casnic,Brasov,Ok,1.441290322580645
12346,2025-04-06,44.62,Casnic,Bucuresti,Ok,1.4393548387096773
12351,2025-05-31,44.47,Casnic,Brasov,Defect,1.4345161290322581
12353,2025-05-09,44.4,Casnic,Bucuresti,Defect,1.48
12352,2025-06-22,44.24,Casnic,Timisoara,Defect,1.4270967741935485
12355,2025-05-01,44.04,Casnic,Bucuresti,Defect,1.468
12343,2025-05-27,43.89,Casnic,Bucuresti,Defect,1.463
12345,2025-06-08,43.66,Casnic,Timisoara,Ok,1.4083870967741934
12355,2025-06-27,43.57,Casnic,Cluj,Ok,1.405483870967742
12343,2025-05-08,43.39,Casnic,Bucuresti,Defect,1.4463333333333332
12359,2025-05-24,43.26,Casnic,Bucuresti,Ok,1.442
12343,2025-05-05,43.26,Casnic,Bucuresti,Ok,1.442
12358,2025-06-02,43.2,Casnic,Iasi,Ok,1.3935483870967742
12350,2025-06-05,43.14,Casnic,Cluj,Defect,1.3916129032258064
12340,2025-11-06,42.91,Casnic,Bucuresti,Ok,1.3841935483870966
12359,2025-05-18,42.78,Casnic,Timisoara,Defect,1.426
12355,2025-05-24,42.66,Casnic,Brasov,Ok,1.422
12342,2025-06-11,42.52,Casnic,Cluj,Defect,1.3716129032258066
12340,2025-05-01,42.48,Casnic,Cluj,Ok,1.416
12346,2025-05-09,42.44,Casnic,Bucuresti,Defect,1.4146666666666665
12345,2025-08-06,42.23,Casnic,Bucuresti,Defect,1.3622580645161289
12349,2025-06-13,42.22,Casnic,Cluj,Ok,1.3619354838709676
12358,2025-06-11,41.65,Casnic,Brasov,Defect,1.3435483870967742
12357,2025-06-05,41.43,Casnic,Timisoara,Defect,1.3364516129032258
12349,2025-05-22,41.22,Casnic,Bucuresti,Defect,1.3739999999999999
12340,2025-06-03,41.17,Casnic,Brasov,Ok,1.3280645161290323
12353,2025-05-28,41.14,Casnic,Timisoara,Ok,1.3713333333333333
12344,2025-06-27,41.14,Casnic,Brasov,Ok,1.3270967741935484
12341,2025-05-01,41.03,Casnic,Bucuresti,Defect,1.3676666666666668
12349,2025-05-13,41.02,Casnic,Cluj,Ok,1.3673333333333335
12342,2025-05-11,40.97,Casnic,Bucuresti,Ok,1.3656666666666666
12346,2025-06-29,40.78,Casnic,Bucuresti,Defect,1.3154838709677419
12360,2025-05-23,40.68,Casnic,Brasov,Ok,1.356
12347,2025-05-04,40.56,Casnic,Bucuresti,Defect,1.352
12341,2025-05-23,40.49,Casnic,Iasi,Defect,1.3496666666666668
12358,2025-11-06,40.45,Casnic,Brasov,Defect,1.3048387096774194
12347,2025-05-20,40.41,Casnic,Bucuresti,Defect,1.347
12346,2025-04-06,40.36,Casnic,Cluj,Defect,1.3019354838709678
12350,2025-06-12,40.34,Casnic,Cluj,Ok,1.3012903225806454
12351,2025-06-18,40.27,Casnic,Bucuresti,Defect,1.2990322580645162
12342,2025-06-06,40.04,Casnic,Brasov,Ok,1.2916129032258064
12354,2025-06-04,39.93,Casnic,Bucuresti,Ok,1.2880645161290323
12354,2025-05-24,39.86,Casnic,Cluj,Ok,1.3286666666666667
12357,2025-05-21,39.76,Casnic,Timisoara,Ok,1.3253333333333333
12359,2025-05-31,39.7,Casnic,Cluj,Ok,1.2806451612903227
12344,2025-05-14,39.47,Casnic,Iasi,Ok,1.3156666666666665
12341,2025-06-18,39.39,Casnic,Brasov,Ok,1.2706451612903227
12353,2025-02-06,39.34,Casnic,Timisoara,Ok,1.2690322580645161
12345,2025-05-04,39.26,Casnic,Iasi,Ok,1.3086666666666666
12340,2025-06-24,39.19,Casnic,Brasov,Ok,1.2641935483870967
12352,2025-05-27,38.96,Casnic,Brasov,Defect,1.2986666666666666
12345,2025-05-06,38.79,Casnic,Brasov,Ok,1.293
12357,2025-08-06,38.79,Casnic,Brasov,Defect,1.251290322580645
12354,2025-06-26,38.34,Casnic,Cluj,Defect,1.2367741935483871
12360,2025-05-24,38.15,Casnic,Brasov,Defect,1.2716666666666667
12357,2025-05-02,38.01,Casnic,Iasi,Ok,1.267
12353,2025-05-06,37.98,Casnic,Bucuresti,Defect,1.2659999999999998
12345,2025-06-15,37.93,Casnic,Bucuresti,Ok,1.2235483870967743
12357,2025-05-19,37.86,Casnic,Brasov,Defect,1.262
12358,2025-05-16,37.81,Casnic,Bucuresti,Defect,1.2603333333333333
12340,2025-06-22,37.77,Casnic,Iasi,Defect,1.2183870967741937
12347,2025-05-14,37.73,Casnic,Iasi,Ok,1.2576666666666665
12341,2025-05-31,37.38,Casnic,Iasi,Defect,1.2058064516129032
12349,2025-10-05,37.0,Casnic,Bucuresti,Ok,1.2333333333333334
12354,2025-05-13,36.94,Casnic,Timisoara,Ok,1.2313333333333332
12356,2025-05-27,36.92,Casnic,Bucuresti,Ok,1.2306666666666668
12360,2025-06-02,36.92,Casnic,Bucuresti,Ok,1.1909677419354838
12350,2025-05-31,36.82,Casnic,Iasi,Ok,1.187741935483871
12345,2025-05-05,36.79,Casnic,Bucuresti,Defect,1.2263333333333333
12349,2025-06-16,36.76,Casnic,Iasi,Ok,1.1858064516129032
12356,2025-05-24,36.73,Casnic,Brasov,Defect,1.2243333333333333
12359,2025-05-30,36.61,Casnic,Cluj,Defect,1.2203333333333333
12350,2025-05-30,36.61,Casnic,Cluj,Defect,1.2203333333333333
12359,2025-06-02,36.53,Casnic,Bucuresti,Ok,1.1783870967741936
12346,2025-05-15,36.44,Casnic,Brasov,Defect,1.2146666666666666
12342,2025-06-03,36.06,Casnic,Cluj,Ok,1.163225806451613
12344,2025-06-17,36.03,Casnic,Timisoara,Defect,1.1622580645161291
12348,2025-05-06,35.98,Casnic,Cluj,Ok,1.1993333333333331
12342,2025-05-09,35.82,Casnic,Iasi,Defect,1.194
12347,2025-06-23,35.8,Casnic,Bucuresti,Ok,1.1548387096774193
12353,2025-06-25,35.77,Casnic,Timisoara,Ok,1.1538709677419356
12355,2025-06-30,35.63,Casnic,Timisoara,Defect,1.1493548387096775
12354,2025-05-03,35.26,Casnic,Iasi,Defect,1.1753333333333333
12347,2025-06-26,35.2,Casnic,Brasov,Defect,1.135483870967742
12359,2025-05-21,35.17,Casnic,Cluj,Defect,1.1723333333333334
12352,2025-05-12,35.03,Casnic,Bucuresti,Ok,1.1676666666666666
12343,2025-06-24,34.83,Casnic,Bucuresti,Defect,1.1235483870967742
12343,2025-06-14,34.62,Casnic,Bucuresti,Defect,1.116774193548387
12347,2025-06-09,34.47,Casnic,Bucuresti,Ok,1.1119354838709676
12356,2025-06-01,34.3,Casnic,Bucuresti,Ok,1.1064516129032258
12358,2025-11-06,34.2,Casnic,Iasi,Defect,1.103225806451613
12352,2025-05-10,33.88,Casnic,Bucuresti,Defect,1.1293333333333335
12352,2025-06-19,33.72,Casnic,Timisoara,Defect,1.0877419354838709
12347,2025-05-18,33.72,Casnic,Iasi,Defect,1.1239999999999999
12342,2025-05-20,33.54,Casnic,Iasi,Defect,1.1179999999999999
12350,2025-05-04,33.5,Casnic,Bucuresti,Defect,1.1166666666666667
12350,2025-10-06,33.2,Casnic,Iasi,Defect,1.1066666666666667
12356,2025-05-24,33.12,Casnic,Iasi,Defect,1.1039999999999999
12359,2025-05-31,32.85,Casnic,Bucuresti,Ok,1.0596774193548388
12348,2025-06-09,32.75,Casnic,Bucuresti,Defect,1.0564516129032258
12342,2025-06-10,32.7,Casnic,Timisoara,Ok,1.0548387096774194
12341,2025-02-06,32.67,Casnic,Cluj,Defect,1.0538709677419356
12351,2025-06-19,32.61,Casnic,Bucuresti,Ok,1.0519354838709678
12340,2025-06-26,32.19,Casnic,Bucuresti,Defect,1.0383870967741935
12344,2025-06-16,32.1,Casnic,Iasi,Defect,1.035483870967742
12360,2025-02-05,32.05,Casnic,Bucuresti,Ok,1.0338709677419353
12357,2025-06-05,32.05,Casnic,Bucuresti,Ok,1.0338709677419353
12345,2025-06-17,31.94,Casnic,Iasi,Defect,1.0303225806451612
12342,2025-06-03,31.74,Casnic,Iasi,Ok,1.0238709677419355
12340,2025-05-12,31.49,Casnic,Bucuresti,Defect,1.0496666666666665
12355,2025-06-14,31.37,Casnic,Bucuresti,Defect,1.0119354838709678
12351,2025-04-06,31.35,Casnic,Bucuresti,Defect,1.011290322580645
12357,2025-05-05,31.29,Casnic,Bucuresti,Ok,1.043
12350,2025-05-22,31.2,Casnic,Brasov,Defect,1.04
12343,2025-06-23,30.98,Casnic,Bucuresti,Defect,0.9993548387096775
12356,2025-08-06,30.9,Casnic,Iasi,Ok,0.996774193548387
12350,2025-06-24,30.89,Casnic,Cluj,Defect,0.9964516129032258
12345,2025-06-06,30.69,Casnic,Bucuresti,Defect,0.99
12355,2025-05-06,30.66,Casnic,Brasov,Ok,1.022
12340,2025-06-29,30.46,Casnic,Bucuresti,Ok,0.9825806451612904
12352,2025-06-23,30.43,Casnic,Timisoara,Ok,0.9816129032258064
12358,2025-05-28,30.42,Casnic,Cluj,Ok,1.014
12350,2025-09-05,30.34,Casnic,Brasov,Ok,0.9787096774193549
12357,2025-05-28,30.27,Casnic,Timisoara,Defect,1.009
12344,2025-05-25,30.1,Casnic,Brasov,Ok,1.0033333333333334
12352,2025-06-04,29.97,Casnic,Brasov,Ok,0.966774193548387
12356,2025-05-31,29.97,Casnic,Brasov,Defect,0.966774193548387
12345,2025-06-23,29.94,Casnic,Timisoara,Defect,0.9658064516129032
12356,2025-06-24,29.72,Casnic,Timisoara,Defect,0.9587096774193548
12360,2025-05-05,29.62,Casnic,Brasov,Defect,0.9873333333333334
12358,2025-05-22,29.59,Casnic,Iasi,Defect,0.9863333333333333
12350,2025-06-14,29.57,Casnic,Cluj,Ok,0.9538709677419355
12360,2025-05-01,29.34,Casnic,Timisoara,Ok,0.978
12352,2025-06-02,29.17,Casnic,Iasi,Ok,0.9409677419354839
12350,2025-05-30,28.84,Casnic,Bucuresti,Defect,0.9613333333333334
12345,2025-05-20,28.81,Casnic,Timisoara,Defect,0.9603333333333333
12340,2025-06-11,28.79,Casnic,Iasi,Defect,0.9287096774193548
12359,2025-06-20,28.66,Casnic,Cluj,Defect,0.9245161290322581
12345,2025-06-06,28.41,Casnic,Bucuresti,Ok,0.9164516129032259
12351,2025-11-05,28.33,Casnic,Cluj,Ok,0.9138709677419354
12354,2025-06-11,28.22,Casnic,Bucuresti,Defect,0.9103225806451613
12360,2025-06-24,28.1,Casnic,Timisoara,Ok,0.9064516129032258
12352,2025-05-28,28.02,Casnic,Iasi,Ok,0.9339999999999999
12352,2025-06-11,27.92,Casnic,Iasi,Ok,0.9006451612903227
12351,2025-05-07,27.72,Casnic,Iasi,Defect,0.9239999999999999
12359,2025-05-05,27.58,Casnic,Iasi,Ok,0.9193333333333332
12359,2025-05-27,27.54,Casnic,Timisoara,Defect,0.9179999999999999
12358,2025-06-27,27.47,Casnic,Brasov,Ok,0.8861290322580645
12349,2025-06-24,27.44,Casnic,Cluj,Ok,0.8851612903225807
12359,2025-05-20,26.86,Casnic,Bucuresti,Ok,0.8953333333333333
12346,2025-06-30,26.79,Casnic,Bucuresti,Ok,0.8641935483870967
12345,2025-06-14,26.7,Casnic,Timisoara,Ok,0.8612903225806451
12359,2025-06-06,26.69,Casnic,Bucuresti,Ok,0.8609677419354839
12341,2025-06-04,26.5,Casnic,Cluj,Defect,0.8548387096774194
12346,2025-05-01,26.29,Casnic,Bucuresti,Ok,0.8763333333333333
12343,2025-06-11,26.11,Casnic,Timisoara,Defect,0.8422580645161291
12360,2025-05-14,26.06,Casnic,Timisoara,Defect,0.8686666666666666
12346,2025-05-06,26.01,Casnic,Brasov,Ok,0.8670000000000001
12353,2025-05-29,25.98,Casnic,Cluj,Defect,0.866
12346,2025-05-27,25.9,Casnic,Bucuresti,Ok,0.8633333333333333
12348,2025-05-31,25.86,Casnic,Bucuresti,Defect,0.8341935483870968
12347,2025-05-16,25.8,Casnic,Iasi,Ok,0.86
12353,2025-05-14,25.78,Casnic,Iasi,Defect,0.8593333333333334
12359,2025-05-14,25.59,Casnic,Cluj,Ok,0.853
12357,2025-06-23,25.48,Casnic,Timisoara,Defect,0.8219354838709677
12346,2025-05-14,25.38,Casnic,Iasi,Ok,0.846
12341,2025-06-28,25.35,Casnic,Timisoara,Ok,0.817741935483871
12343,2025-05-05,25.34,Casnic,Brasov,Defect,0.8446666666666667
12355,2025-06-23,25.08,Casnic,Bucuresti,Ok,0.8090322580645161
12343,2025-06-04,24.87,Casnic,Cluj,Ok,0.802258064516129
12345,2025-05-26,24.82,Casnic,Timisoara,Ok,0.8273333333333334
12346,2025-06-27,24.67,Casnic,Brasov,Ok,0.7958064516129033
12342,2025-05-03,24.61,Casnic,Iasi,Ok,0.8203333333333334
12344,2025-05-31,24.54,Casnic,Bucuresti,Ok,0.7916129032258065
12348,2025-06-08,24.41,Casnic,Brasov,Ok,0.7874193548387097
12350,2025-05-14,24.36,Casnic,Bucuresti,Ok,0.8119999999999999
12345,2025-05-17,24.27,Casnic,Bucuresti,Ok,0.8089999999999999
12359,2025-05-18,24.06,Casnic,Bucuresti,Ok,0.8019999999999999
12345,2025-06-27,23.87,Casnic,Brasov,Defect,0.77
12348,2025-06-08,23.82,Casnic,Timisoara,Ok,0.7683870967741936
12352,2025-01-06,23.47,Casnic,Bucuresti,Ok,0.7570967741935484
12346,2025-05-18,23.46,Casnic,Brasov,Ok,0.782
12346,2025-06-29,23.45,Casnic,Cluj,Defect,0.7564516129032258
12349,2025-05-15,23.38,Casnic,Iasi,Ok,0.7793333333333333
12348,2025-06-17,23.38,Casnic,Timisoara,Defect,0.7541935483870967
12341,2025-06-04,23.32,Casnic,Timisoara,Defect,0.7522580645161291
12354,2025-06-24,23.25,Casnic,Brasov,Defect,0.75
12360,2025-05-21,23.11,Casnic,Timisoara,Defect,0.7703333333333333
12348,2025-05-05,23.07,Casnic,Timisoara,Defect,0.769
12347,2025-05-18,23.0,Casnic,Brasov,Defect,0.7666666666666667
12355,2025-05-30,22.99,Casnic,Cluj,Defect,0.7663333333333333
12354,2025-06-01,22.92,Casnic,Bucuresti,Ok,0.7393548387096774
12357,2025-05-31,22.86,Casnic,Cluj,Ok,0.7374193548387097
12340,2025-06-26,22.67,Casnic,Bucuresti,Defect,0.7312903225806452
12342,2025-06-11,22.56,Casnic,Iasi,Ok,0.7277419354838709
12349,2025-05-12,22.31,Casnic,Bucuresti,Ok,0.7436666666666666
12358,2025-05-23,22.2,Casnic,Timisoara,Ok,0.74
12348,2025-06-16,22.13,Casnic,Brasov,Ok,0.7138709677419355
12345,2025-06-15,22.04,Casnic,Timisoara,Ok,0.7109677419354838
12349,2025-06-17,22.04,Casnic,Bucuresti,Ok,0.7109677419354838
12358,2025-05-23,21.99,Casnic,Bucuresti,Defect,0.733
12360,2025-05-22,21.93,Casnic,Brasov,Defect,0.731
12360,2025-05-08,21.63,Casnic,Iasi,Defect,0.721
12342,2025-12-05,21.54,Casnic,Bucuresti,Ok,0.718
12343,2025-05-24,21.5,Casnic,Bucuresti,Defect,0.7166666666666667
12359,2025-09-06,21.42,Casnic,Brasov,Ok,0.6909677419354839
12358,2025-06-26,21.35,Casnic,Bucuresti,Defect,0.6887096774193548
12340,2025-06-21,21.24,Casnic,Bucuresti,Ok,0.6851612903225806
12340,2025-03-06,21.09,Casnic,Iasi,Defect,0.7532142857142857
12348,2025-06-05,20.97,Casnic,Iasi,Ok,0.6764516129032258
12348,2025-06-17,20.84,Casnic,Bucuresti,Ok,0.672258064516129
12359,2025-05-18,20.61,Casnic,Iasi,Ok,0.6869999999999999
12346,2025-06-30,20.53,Casnic,Brasov,Ok,0.6622580645161291
12359,2025-06-13,20.47,Casnic,Bucuresti,Ok,0.6603225806451613
12360,2025-05-03,20.47,Casnic,Cluj,Defect,0.6823333333333333
12351,2025-05-15,20.42,Casnic,Bucuresti,Defect,0.6806666666666668
12348,2025-06-30,20.34,Casnic,Iasi,Defect,0.6561290322580645
12353,2025-05-23,20.06,Casnic,Iasi,Defect,0.6686666666666666
12359,2025-10-05,19.95,Casnic,Timisoara,Ok,0.6649999999999999
12352,2025-05-16,19.88,Casnic,Iasi,Ok,0.6626666666666666
12352,2025-05-01,19.49,Casnic,Timisoara,Ok,0.6496666666666666
12357,2025-05-26,19.46,Casnic,Brasov,Ok,0.6486666666666667
12347,2025-06-12,19.4,Casnic,Bucuresti,Ok,0.6258064516129032
12358,2025-05-26,19.39,Casnic,Bucuresti,Ok,0.6463333333333333
12347,2025-06-13,19.19,Casnic,Iasi,Ok,0.6190322580645161
12351,2025-05-12,19.19,Casnic,Timisoara,Defect,0.6396666666666667
12351,2025-06-07,19.17,Casnic,Bucuresti,Defect,0.6183870967741936
12357,2025-06-28,19.06,Casnic,Brasov,Defect,0.6148387096774193
12346,2025-07-05,18.91,Casnic,Bucuresti,Defect,0.6303333333333333
12352,2025-05-03,18.87,Casnic,Cluj,Defect,0.629
12352,2025-04-06,18.77,Casnic,Iasi,Ok,0.6054838709677419
12346,2025-06-26,18.77,Casnic,Bucuresti,Ok,0.6054838709677419
12343,2025-06-01,18.74,Casnic,Iasi,Ok,0.604516129032258
12341,2025-06-06,18.65,Casnic,Iasi,Ok,0.6016129032258064
12359,2025-05-02,18.31,Casnic,Cluj,Defect,0.6103333333333333
12354,2025-05-15,18.23,Casnic,Iasi,Defect,0.6076666666666667
12349,2025-06-26,17.89,Casnic,Bucuresti,Ok,0.5770967741935484
12351,2025-06-13,17.79,Casnic,Cluj,Defect,0.5738709677419355
12340,2025-05-13,17.69,Casnic,Bucuresti,Ok,0.5896666666666667
12350,2025-05-09,17.66,Casnic,Timisoara,Defect,0.5886666666666667
12341,2025-05-30,17.33,Casnic,Brasov,Ok,0.5776666666666667
12350,2025-06-19,17.28,Casnic,Bucuresti,Defect,0.5574193548387097
12343,2025-05-24,17.28,Casnic,Bucuresti,Defect,0.5760000000000001
12350,2025-05-06,17.2,Casnic,Timisoara,Defect,0.5733333333333334
12347,2025-05-10,17.18,Casnic,Timisoara,Ok,0.5726666666666667
12348,2025-05-05,17.17,Casnic,Brasov,Ok,0.5723333333333334
12347,2025-05-03,17.07,Casnic,Timisoara,Defect,0.5690000000000001
12356,2025-06-29,17.04,Casnic,Bucuresti,Ok,0.5496774193548387
12340,2025-05-16,16.95,Casnic,Bucuresti,Ok,0.565
12360,2025-06-28,16.93,Casnic,Brasov,Defect,0.5461290322580645
12345,2025-06-16,16.82,Casnic,Bucuresti,Defect,0.5425806451612903
12346,2025-05-06,16.77,Casnic,Bucuresti,Defect,0.5589999999999999
12345,2025-06-28,16.65,Casnic,Bucuresti,Defect,0.5370967741935483
12353,2025-05-06,16.62,Casnic,Bucuresti,Ok,0.554
12360,2025-05-06,16.5,Casnic,Brasov,Ok,0.55
12355,2025-05-26,16.36,Casnic,Bucuresti,Defect,0.5453333333333333
12355,2025-05-26,15.98,Casnic,Iasi,Ok,0.5326666666666667
12349,2025-06-07,15.81,Casnic,Timisoara,Defect,0.51
12347,2025-05-08,15.28,Casnic,Timisoara,Defect,0.5093333333333333
12360,2025-06-27,15.18,Casnic,Bucuresti,Ok,0.4896774193548387
12360,2025-06-17,15.18,Casnic,Cluj,Ok,0.4896774193548387
12357,2025-05-17,15.04,Casnic,Cluj,Ok,0.5013333333333333
12356,2025-05-25,15.01,Casnic,Bucuresti,Defect,0.5003333333333333
12358,2025-05-26,14.95,Casnic,Bucuresti,Ok,0.4983333333333333
12359,2025-06-25,14.82,Casnic,Cluj,Ok,0.4780645161290323
12356,2025-05-23,14.81,Casnic,Cluj,Ok,0.4936666666666667
12351,2025-05-28,14.71,Casnic,Bucuresti,Defect,0.49033333333333334
12360,2025-05-17,14.52,Casnic,Bucuresti,Ok,0.484
12348,2025-05-20,14.32,Casnic,Bucuresti,Defect,0.47733333333333333
12345,2025-05-26,14.32,Casnic,Iasi,Defect,0.47733333333333333
12345,2025-06-25,14.27,Casnic,Brasov,Defect,0.4603225806451613
12357,2025-05-31,14.25,Casnic,Bucuresti,Ok,0.4596774193548387
12358,2025-06-24,14.2,Casnic,Brasov,Defect,0.45806451612903226
12340,2025-06-20,13.88,Casnic,Brasov,Ok,0.447741935483871
12348,2025-05-29,13.85,Casnic,Brasov,Defect,0.46166666666666667
12357,2025-06-03,13.83,Casnic,Bucuresti,Ok,0.4461290322580645
12356,2025-05-01,13.78,Casnic,Iasi,Defect,0.4593333333333333
12345,2025-06-02,13.75,Casnic,Bucuresti,Ok,0.4435483870967742
12353,2025-06-09,13.7,Casnic,Iasi,Defect,0.4419354838709677
12356,2025-05-05,13.7,Casnic,Timisoara,Defect,0.45666666666666667
12345,2025-05-26,13.57,Casnic,Cluj,Ok,0.45233333333333337
12341,2025-06-27,13.55,Casnic,Brasov,Defect,0.4370967741935484
12359,2025-05-16,13.29,Casnic,Bucuresti,Ok,0.44299999999999995
12354,2025-05-02,13.09,Casnic,Timisoara,Defect,0.43633333333333335
12354,2025-05-26,12.72,Casnic,Timisoara,Ok,0.42400000000000004
12340,2025-05-27,12.65,Casnic,Cluj,Ok,0.4216666666666667
12357,2025-06-22,12.6,Casnic,Brasov,Defect,0.4064516129032258
12360,2025-06-27,12.58,Casnic,Iasi,Defect,0.40580645161290324
12345,2025-05-31,12.58,Casnic,Timisoara,Defect,0.40580645161290324
12359,2025-06-05,12.23,Casnic,Brasov,Defect,0.3945161290322581
12352,2025-05-18,12.15,Casnic,Bucuresti,Defect,0.405
12346,2025-05-13,12.09,Casnic,Timisoara,Ok,0.40299999999999997
12357,2025-06-24,11.66,Casnic,Iasi,Ok,0.37612903225806454
12356,2025-05-06,11.63,Casnic,Timisoara,Defect,0.3876666666666667
12347,2025-06-06,11.61,Casnic,Bucuresti,Ok,0.37451612903225806
12340,2025-05-19,11.48,Casnic,Bucuresti,Defect,0.38266666666666665
12354,2025-05-16,11.43,Casnic,Bucuresti,Ok,0.381
12359,2025-12-06,11.42,Casnic,Brasov,Defect,0.38066666666666665
12349,2025-05-25,11.19,Casnic,Bucuresti,Defect,0.373
12341,2025-06-20,11.16,Casnic,Bucuresti,Defect,0.36
12356,2025-06-26,11.13,Casnic,Cluj,Ok,0.35903225806451616
12356,2025-06-26,11.06,Casnic,Iasi,Defect,0.35677419354838713
12351,2025-06-13,10.88,Casnic,Brasov,Ok,0.3509677419354839
12350,2025-06-25,10.78,Casnic,Bucuresti,Defect,0.34774193548387095
12340,2025-06-12,10.21,Casnic,Cluj,Defect,0.32935483870967747
12356,2025-05-25,10.03,Casnic,Cluj,Defect,0.3343333333333333
12351,2025-07-05,49.93,Industrial,Cluj,Defect,1.6643333333333332
12352,2025-06-17,49.77,Industrial,Timisoara,Ok,1.6054838709677421
12355,2025-06-29,49.65,Industrial,Iasi,Ok,1.6016129032258064
12340,2025-06-16,49.61,Industrial,Cluj,Ok,1.6003225806451613
12359,2025-06-08,49.51,Industrial,Bucuresti,Ok,1.5970967741935482
12344,2025-05-30,49.43,Industrial,Bucuresti,Ok,1.6476666666666666
12348,2025-06-21,49.37,Industrial,Bucuresti,Defect,1.5925806451612903
12359,2025-05-20,49.25,Industrial,Timisoara,Ok,1.6416666666666666
12342,2025-06-25,49.16,Industrial,Bucuresti,Defect,1.5858064516129031
12358,2025-05-14,48.9,Industrial,Bucuresti,Ok,1.63
12350,2025-05-31,48.85,Industrial,Cluj,Defect,1.5758064516129033
12350,2025-06-23,48.84,Industrial,Bucuresti,Defect,1.5754838709677421
12349,2025-05-22,48.78,Industrial,Cluj,Ok,1.6260000000000001
12343,2025-05-23,48.68,Industrial,Timisoara,Ok,1.6226666666666667
12355,2025-06-01,48.58,Industrial,Cluj,Defect,1.5670967741935484
12349,2025-05-25,48.55,Industrial,Iasi,Defect,1.6183333333333332
12349,2025-06-20,48.32,Industrial,Timisoara,Defect,1.558709677419355
12353,2025-06-30,48.31,Industrial,Brasov,Defect,1.5583870967741935
12345,2025-06-21,48.2,Industrial,Bucuresti,Defect,1.5548387096774194
12346,2025-05-24,48.13,Industrial,Brasov,Ok,1.6043333333333334
12344,2025-05-03,47.95,Industrial,Iasi,Defect,1.5983333333333334
12354,2025-06-13,47.92,Industrial,Timisoara,Defect,1.5458064516129033
12355,2025-05-09,47.82,Industrial,Bucuresti,Defect,1.594
12347,2025-05-29,47.25,Industrial,Cluj,Defect,1.575
12350,2025-06-28,47.19,Industrial,Iasi,Ok,1.522258064516129
12349,2025-05-10,47.01,Industrial,Iasi,Defect,1.567
12357,2025-06-23,46.99,Industrial,Timisoara,Ok,1.5158064516129033
12342,2025-06-26,46.82,Industrial,Bucuresti,Defect,1.5103225806451612
12357,2025-05-28,46.67,Industrial,Brasov,Ok,1.5556666666666668
12360,2025-05-15,46.65,Industrial,Bucuresti,Ok,1.555
12350,2025-05-07,46.44,Industrial,Cluj,Defect,1.5479999999999998
12340,2025-05-19,46.41,Industrial,Brasov,Defect,1.547
12353,2025-05-07,46.41,Industrial,Brasov,Ok,1.547
12341,2025-05-22,46.33,Industrial,Cluj,Ok,1.5443333333333333
12350,2025-05-18,46.13,Industrial,Timisoara,Ok,1.5376666666666667
12359,2025-06-15,45.94,Industrial,Brasov,Ok,1.4819354838709677
12348,2025-06-15,45.89,Industrial,Bucuresti,Ok,1.4803225806451612
12344,2025-06-26,45.88,Industrial,Timisoara,Ok,1.48
12346,2025-06-14,45.87,Industrial,Bucuresti,Ok,1.4796774193548385
12345,2025-05-19,45.69,Industrial,Iasi,Defect,1.523
12340,2025-06-28,45.59,Industrial,Bucuresti,Defect,1.4706451612903226
12356,2025-05-15,45.57,Industrial,Bucuresti,Ok,1.519
12343,2025-06-24,45.57,Industrial,Brasov,Ok,1.47
12342,2025-06-24,45.32,Industrial,Bucuresti,Defect,1.4619354838709677
12341,2025-05-12,45.01,Industrial,Bucuresti,Defect,1.5003333333333333
12353,2025-05-08,44.86,Industrial,Bucuresti,Defect,1.4953333333333334
12354,2025-06-29,44.66,Industrial,Bucuresti,Defect,1.4406451612903224
12354,2025-06-14,44.45,Industrial,Bucuresti,Defect,1.4338709677419357
12346,2025-01-06,44.41,Industrial,Bucuresti,Ok,1.4325806451612901
12359,2025-09-06,44.38,Industrial,Cluj,Ok,1.4316129032258065
12360,2025-06-25,44.35,Industrial,Bucuresti,Ok,1.4306451612903226
12352,2025-06-23,44.01,Industrial,Iasi,Ok,1.4196774193548387
12350,2025-06-26,43.9,Industrial,Cluj,Defect,1.4161290322580644
12340,2025-05-05,43.87,Industrial,Iasi,Ok,1.4623333333333333
12344,2025-06-02,43.86,Industrial,Bucuresti,Ok,1.4148387096774193
12350,2025-06-08,43.76,Industrial,Bucuresti,Defect,1.4116129032258065
12360,2025-05-03,43.5,Industrial,Bucuresti,Ok,1.45
12356,2025-06-07,43.47,Industrial,Bucuresti,Ok,1.4022580645161289
12355,2025-06-07,43.27,Industrial,Iasi,Defect,1.3958064516129034
12349,2025-06-26,43.08,Industrial,Brasov,Defect,1.3896774193548387
12343,2025-06-16,43.07,Industrial,Cluj,Defect,1.3893548387096775
12355,2025-06-04,42.91,Industrial,Bucuresti,Defect,1.3841935483870966
12358,2025-05-20,42.82,Industrial,Bucuresti,Defect,1.4273333333333333
12345,2025-05-15,42.81,Industrial,Cluj,Ok,1.427
12355,2025-06-01,42.73,Industrial,Brasov,Defect,1.3783870967741934
12347,2025-06-05,42.61,Industrial,Timisoara,Ok,1.374516129032258
12345,2025-06-15,42.51,Industrial,Timisoara,Defect,1.3712903225806452
12349,2025-05-27,42.35,Industrial,Brasov,Ok,1.4116666666666666
12354,2025-05-25,42.18,Industrial,Bucuresti,Ok,1.406
12343,2025-06-20,42.1,Industrial,Bucuresti,Ok,1.3580645161290323
12351,2025-06-12,42.09,Industrial,Bucuresti,Defect,1.3577419354838711
12353,2025-05-29,41.94,Industrial,Timisoara,Ok,1.398
12352,2025-06-20,41.82,Industrial,Bucuresti,Defect,1.3490322580645162
12352,2025-06-21,41.81,Industrial,Cluj,Ok,1.348709677419355
12354,2025-05-02,41.7,Industrial,Iasi,Defect,1.3900000000000001
12343,2025-06-26,41.4,Industrial,Bucuresti,Defect,1.335483870967742
12359,2025-05-30,40.86,Industrial,Brasov,Ok,1.3619999999999999
12356,2025-06-10,40.82,Industrial,Bucuresti,Defect,1.3167741935483872
12360,2025-06-10,40.81,Industrial,Bucuresti,Defect,1.316451612903226
12359,2025-06-02,40.81,Industrial,Bucuresti,Defect,1.316451612903226
12353,2025-06-19,40.71,Industrial,Timisoara,Defect,1.313225806451613
12346,2025-05-16,40.58,Industrial,Bucuresti,Ok,1.3526666666666667
12360,2025-06-25,40.53,Industrial,Brasov,Ok,1.3074193548387096
12356,2025-05-10,40.47,Industrial,Iasi,Ok,1.349
12359,2025-06-05,40.35,Industrial,Timisoara,Ok,1.3016129032258066
12342,2025-06-28,40.19,Industrial,Cluj,Ok,1.2964516129032257
12356,2025-06-29,39.6,Industrial,Timisoara,Ok,1.2774193548387098
12356,2025-05-26,39.52,Industrial,Timisoara,Defect,1.3173333333333335
12340,2025-05-23,39.49,Industrial,Timisoara,Defect,1.3163333333333334
12359,2025-06-20,39.25,Industrial,Brasov,Ok,1.2661290322580645
12351,2025-06-16,39.21,Industrial,Timisoara,Ok,1.2648387096774194
12352,2025-06-03,39.05,Industrial,Iasi,Ok,1.2596774193548386
12349,2025-09-05,38.92,Industrial,Cluj,Defect,1.255483870967742
12357,2025-06-04,38.8,Industrial,Cluj,Defect,1.2516129032258063
12347,2025-05-04,38.76,Industrial,Brasov,Defect,1.292
12349,2025-05-13,38.75,Industrial,Timisoara,Ok,1.2916666666666667
12349,2025-05-01,38.61,Industrial,Cluj,Defect,1.287
12360,2025-05-19,38.54,Industrial,Iasi,Ok,1.2846666666666666
12352,2025-05-15,38.51,Industrial,Brasov,Ok,1.2836666666666665
12352,2025-05-21,38.34,Industrial,Timisoara,Defect,1.278
12341,2025-06-21,38.33,Industrial,Brasov,Defect,1.2364516129032257
12344,2025-06-24,38.3,Industrial,Cluj,Defect,1.2354838709677418
12353,2025-05-15,38.02,Industrial,Brasov,Defect,1.2673333333333334
12342,2025-06-29,37.93,Industrial,Brasov,Defect,1.2235483870967743
12355,2025-06-08,37.77,Industrial,Iasi,Ok,1.2183870967741937
12343,2025-06-10,37.37,Industrial,Timisoara,Ok,1.2054838709677418
12343,2025-06-20,37.3,Industrial,Iasi,Defect,1.2032258064516128
12356,2025-05-24,37.12,Industrial,Timisoara,Defect,1.2373333333333332
12357,2025-06-24,37.06,Industrial,Cluj,Defect,1.195483870967742
12349,2025-05-23,36.82,Industrial,Brasov,Defect,1.2273333333333334
12353,2025-06-23,36.71,Industrial,Bucuresti,Ok,1.184193548387097
12340,2025-06-06,36.63,Industrial,Iasi,Ok,1.1816129032258065
12360,2025-05-26,36.56,Industrial,Bucuresti,Defect,1.2186666666666668
12354,2025-08-06,36.51,Industrial,Iasi,Defect,1.177741935483871
12347,2025-05-28,36.35,Industrial,Bucuresti,Defect,1.2116666666666667
12355,2025-10-05,36.33,Industrial,Timisoara,Defect,1.2109999999999999
12352,2025-07-05,36.31,Industrial,Iasi,Ok,1.2103333333333335
12360,2025-06-03,35.99,Industrial,Timisoara,Defect,1.160967741935484
12348,2025-05-25,35.98,Industrial,Bucuresti,Ok,1.1993333333333331
12359,2025-05-25,35.9,Industrial,Brasov,Ok,1.1966666666666665
12360,2025-05-25,35.88,Industrial,Bucuresti,Ok,1.1960000000000002
12360,2025-05-16,35.7,Industrial,Bucuresti,Defect,1.1900000000000002
12353,2025-06-27,35.64,Industrial,Cluj,Defect,1.1496774193548387
12352,2025-05-29,35.62,Industrial,Timisoara,Ok,1.1873333333333334
12347,2025-06-21,35.6,Industrial,Brasov,Defect,1.1483870967741936
12355,2025-06-07,35.39,Industrial,Bucuresti,Defect,1.1416129032258064
12348,2025-06-15,35.26,Industrial,Bucuresti,Ok,1.1374193548387097
12348,2025-05-10,35.05,Industrial,Iasi,Defect,1.1683333333333332
12356,2025-05-07,34.74,Industrial,Iasi,Ok,1.1580000000000001
12345,2025-05-01,34.55,Industrial,Bucuresti,Defect,1.1516666666666666
12355,2025-06-10,34.46,Industrial,Timisoara,Ok,1.1116129032258064
12356,2025-06-22,34.45,Industrial,Bucuresti,Ok,1.1112903225806452
12355,2025-05-12,34.4,Industrial,Iasi,Defect,1.1466666666666667
12358,2025-06-25,34.17,Industrial,Cluj,Defect,1.102258064516129
12355,2025-06-05,34.14,Industrial,Iasi,Ok,1.1012903225806452
12346,2025-05-22,34.07,Industrial,Timisoara,Defect,1.1356666666666666
12355,2025-05-14,33.16,Industrial,Cluj,Ok,1.1053333333333333
12348,2025-07-05,33.1,Industrial,Bucuresti,Ok,1.1033333333333333
12356,2025-06-13,32.95,Industrial,Bucuresti,Defect,1.0629032258064517
12360,2025-05-10,32.83,Industrial,Bucuresti,Defect,1.0943333333333334
12343,2025-06-05,32.72,Industrial,Bucuresti,Ok,1.0554838709677419
12352,2025-05-21,32.69,Industrial,Cluj,Ok,1.0896666666666666
12351,2025-05-10,32.6,Industrial,Cluj,Ok,1.0866666666666667
12340,2025-06-17,32.56,Industrial,Bucuresti,Defect,1.0503225806451613
12340,2025-05-31,32.32,Industrial,Bucuresti,Ok,1.0425806451612902
12346,2025-05-04,32.29,Industrial,Bucuresti,Defect,1.0763333333333334
12349,2025-05-15,32.02,Industrial,Brasov,Ok,1.0673333333333335
12360,2025-06-15,31.89,Industrial,Cluj,Defect,1.028709677419355
12356,2025-05-20,31.89,Industrial,Bucuresti,Defect,1.063
12356,2025-06-26,31.86,Industrial,Timisoara,Defect,1.027741935483871
12356,2025-05-28,31.74,Industrial,Iasi,Defect,1.058
12354,2025-06-21,31.37,Industrial,Bucuresti,Ok,1.0119354838709678
12344,2025-04-06,31.32,Industrial,Cluj,Ok,1.0103225806451612
12353,2025-05-12,31.21,Industrial,Bucuresti,Ok,1.0403333333333333
12347,2025-05-05,31.19,Industrial,Bucuresti,Ok,1.0396666666666667
12342,2025-05-03,31.05,Industrial,Bucuresti,Ok,1.035
12342,2025-06-10,30.97,Industrial,Brasov,Defect,0.9990322580645161
12353,2025-05-31,30.94,Industrial,Timisoara,Ok,0.9980645161290324
12344,2025-05-27,30.71,Industrial,Timisoara,Ok,1.0236666666666667
12343,2025-07-05,30.52,Industrial,Timisoara,Ok,1.0173333333333334
12351,2025-07-06,30.47,Industrial,Bucuresti,Ok,1.0156666666666667
12345,2025-10-05,30.43,Industrial,Cluj,Ok,1.0143333333333333
12353,2025-05-20,30.36,Industrial,Brasov,Ok,1.012
12356,2025-11-05,30.3,Industrial,Iasi,Ok,0.9774193548387097
12351,2025-06-02,30.04,Industrial,Iasi,Ok,0.9690322580645161
12348,2025-05-16,29.96,Industrial,Iasi,Ok,0.9986666666666667
12359,2025-05-05,29.83,Industrial,Timisoara,Defect,0.9943333333333333
12347,2025-06-23,29.67,Industrial,Cluj,Ok,0.9570967741935484
12344,2025-06-16,29.41,Industrial,Brasov,Defect,0.9487096774193549
12360,2025-06-16,29.28,Industrial,Bucuresti,Defect,0.9445161290322581
12359,2025-05-15,29.05,Industrial,Cluj,Defect,0.9683333333333334
12351,2025-05-12,28.96,Industrial,Timisoara,Defect,0.9653333333333334
12346,2025-10-05,28.77,Industrial,Bucuresti,Ok,0.959
12358,2025-06-13,28.65,Industrial,Iasi,Ok,0.9241935483870968
12349,2025-06-01,28.34,Industrial,Bucuresti,Ok,0.9141935483870968
12345,2025-05-19,28.24,Industrial,Iasi,Ok,0.9413333333333332
12356,2025-06-19,28.19,Industrial,Iasi,Defect,0.9093548387096775
12349,2025-05-28,28.12,Industrial,Brasov,Ok,0.9373333333333334
12346,2025-06-03,27.98,Industrial,Bucuresti,Defect,0.9025806451612903
12359,2025-06-13,27.98,Industrial,Brasov,Ok,0.9025806451612903
12351,2025-06-21,27.85,Industrial,Timisoara,Ok,0.8983870967741936
12356,2025-06-11,27.71,Industrial,Bucuresti,Defect,0.8938709677419355
12349,2025-05-24,27.7,Industrial,Iasi,Ok,0.9233333333333333
12341,2025-06-27,27.46,Industrial,Bucuresti,Ok,0.8858064516129033
12348,2025-02-06,27.43,Industrial,Iasi,Defect,0.8848387096774194
12353,2025-05-15,27.38,Industrial,Cluj,Ok,0.9126666666666666
12345,2025-05-23,27.31,Industrial,Cluj,Defect,0.9103333333333333
12345,2025-07-05,27.17,Industrial,Bucuresti,Ok,0.9056666666666667
12343,2025-06-09,27.14,Industrial,Brasov,Ok,0.8754838709677419
12354,2025-06-02,27.02,Industrial,Bucuresti,Ok,0.8716129032258064
12360,2025-06-25,26.93,Industrial,Iasi,Ok,0.8687096774193548
12348,2025-06-13,26.91,Industrial,Iasi,Ok,0.8680645161290322
12345,2025-05-20,26.89,Industrial,Iasi,Ok,0.8963333333333333
12347,2025-05-26,26.72,Industrial,Cluj,Defect,0.8906666666666666
12340,2025-05-09,26.65,Industrial,Brasov,Ok,0.8883333333333333
12357,2025-06-27,26.61,Industrial,Bucuresti,Defect,0.8583870967741936
12347,2025-05-22,26.6,Industrial,Brasov,Ok,0.8866666666666667
12341,2025-05-16,26.53,Industrial,Bucuresti,Ok,0.8843333333333334
12354,2025-06-29,26.48,Industrial,Bucuresti,Defect,0.8541935483870968
12355,2025-06-05,26.45,Industrial,Cluj,Defect,0.8532258064516128
12354,2025-05-21,26.34,Industrial,Bucuresti,Ok,0.878
12352,2025-05-30,26.33,Industrial,Brasov,Ok,0.8776666666666666
12355,2025-06-20,25.92,Industrial,Bucuresti,Defect,0.8361290322580646
12356,2025-06-30,25.9,Industrial,Brasov,Defect,0.8354838709677419
12340,2025-05-15,25.86,Industrial,Iasi,Ok,0.862
12342,2025-06-20,25.85,Industrial,Timisoara,Ok,0.8338709677419355
12347,2025-06-17,25.68,Industrial,Bucuresti,Defect,0.8283870967741935
12344,2025-02-06,25.44,Industrial,Iasi,Defect,0.8206451612903226
12360,2025-06-15,25.09,Industrial,Iasi,Ok,0.8093548387096774
12348,2025-05-20,24.97,Industrial,Bucuresti,Ok,0.8323333333333333
12351,2025-05-27,24.95,Industrial,Cluj,Defect,0.8316666666666667
12344,2025-06-19,24.85,Industrial,Cluj,Ok,0.8016129032258065
12351,2025-05-18,24.62,Industrial,Brasov,Defect,0.8206666666666667
12340,2025-06-25,24.37,Industrial,Iasi,Ok,0.7861290322580645
12344,2025-06-13,24.17,Industrial,Iasi,Defect,0.7796774193548388
12340,2025-05-17,24.11,Industrial,Iasi,Ok,0.8036666666666666
12351,2025-06-26,24.11,Industrial,Bucuresti,Ok,0.7777419354838709
12343,2025-06-14,24.1,Industrial,Cluj,Defect,0.7774193548387097
12348,2025-06-09,24.05,Industrial,Cluj,Ok,0.7758064516129033
12340,2025-05-02,24.02,Industrial,Timisoara,Ok,0.8006666666666666
12343,2025-05-06,23.9,Industrial,Bucuresti,Ok,0.7966666666666666
12353,2025-05-02,23.83,Industrial,Iasi,Ok,0.7943333333333332
12343,2025-05-03,23.6,Industrial,Iasi,Defect,0.7866666666666667
12357,2025-05-19,23.28,Industrial,Iasi,Ok,0.776
12349,2025-06-27,23.21,Industrial,Bucuresti,Defect,0.7487096774193549
12344,2025-05-31,23.07,Industrial,Bucuresti,Defect,0.7441935483870968
12343,2025-06-14,23.06,Industrial,Iasi,Defect,0.7438709677419354
12342,2025-06-05,22.95,Industrial,Brasov,Defect,0.7403225806451613
12357,2025-06-21,22.87,Industrial,Bucuresti,Defect,0.737741935483871
12346,2025-06-20,22.84,Industrial,Brasov,Defect,0.7367741935483871
12350,2025-06-07,22.69,Industrial,Iasi,Ok,0.7319354838709677
12348,2025-06-15,22.39,Industrial,Iasi,Ok,0.7222580645161291
12341,2025-05-28,22.39,Industrial,Cluj,Ok,0.7463333333333334
12353,2025-06-08,22.32,Industrial,Timisoara,Defect,0.72
12344,2025-03-06,22.2,Industrial,Brasov,Ok,0.7928571428571428
12352,2025-06-10,22.2,Industrial,Bucuresti,Ok,0.7161290322580645
12353,2025-05-21,22.08,Industrial,Timisoara,Ok,0.736
12344,2025-06-15,21.91,Industrial,Timisoara,Defect,0.7067741935483871
12345,2025-05-24,21.7,Industrial,Timisoara,Ok,0.7233333333333333
12344,2025-06-15,21.67,Industrial,Iasi,Defect,0.6990322580645162
12360,2025-05-29,21.64,Industrial,Bucuresti,Ok,0.7213333333333334
12344,2025-06-13,21.42,Industrial,Timisoara,Defect,0.6909677419354839
12343,2025-06-30,21.33,Industrial,Bucuresti,Defect,0.6880645161290322
12359,2025-06-02,20.9,Industrial,Bucuresti,Ok,0.6741935483870968
12355,2025-06-13,20.78,Industrial,Cluj,Defect,0.6703225806451614
12351,2025-06-11,20.52,Industrial,Bucuresti,Ok,0.6619354838709677
12349,2025-05-12,20.39,Industrial,Bucuresti,Ok,0.6796666666666666
12342,2025-06-16,20.36,Industrial,Bucuresti,Defect,0.6567741935483871
12353,2025-05-09,20.12,Industrial,Brasov,Ok,0.6706666666666667
12349,2025-11-06,20.02,Industrial,Cluj,Ok,0.6458064516129032
12344,2025-05-05,20.01,Industrial,Brasov,Ok,0.667
12348,2025-04-06,19.59,Industrial,Iasi,Ok,0.6319354838709678
12346,2025-05-01,19.53,Industrial,Cluj,Ok,0.651
12355,2025-05-19,19.52,Industrial,Brasov,Ok,0.6506666666666666
12350,2025-05-13,19.31,Industrial,Brasov,Ok,0.6436666666666666
12349,2025-05-02,19.14,Industrial,Bucuresti,Defect,0.638
12354,2025-06-14,19.11,Industrial,Brasov,Ok,0.6164516129032258
12358,2025-06-28,19.06,Industrial,Timisoara,Ok,0.6148387096774193
12357,2025-06-16,18.66,Industrial,Bucuresti,Defect,0.6019354838709677
12356,2025-05-25,18.61,Industrial,Bucuresti,Defect,0.6203333333333333
12344,2025-06-22,18.48,Industrial,Brasov,Ok,0.5961290322580646
12348,2025-05-01,18.32,Industrial,Timisoara,Ok,0.6106666666666667
12349,2025-05-17,18.23,Industrial,Timisoara,Ok,0.6076666666666667
12346,2025-05-29,18.07,Industrial,Cluj,Defect,0.6023333333333334
12356,2025-06-01,17.84,Industrial,Cluj,Ok,0.5754838709677419
12341,2025-06-04,17.73,Industrial,Cluj,Ok,0.5719354838709677
12348,2025-05-12,17.67,Industrial,Brasov,Defect,0.5890000000000001
12355,2025-05-22,17.63,Industrial,Iasi,Defect,0.5876666666666667
12355,2025-06-14,17.59,Industrial,Brasov,Ok,0.5674193548387096
12346,2025-05-18,17.37,Industrial,Bucuresti,Ok,0.5790000000000001
12344,2025-06-06,17.26,Industrial,Cluj,Defect,0.5567741935483872
12351,2025-05-05,17.11,Industrial,Timisoara,Defect,0.5703333333333334
12360,2025-01-06,17.09,Industrial,Timisoara,Ok,0.5512903225806451
12359,2025-05-27,16.92,Industrial,Cluj,Defect,0.5640000000000001
12354,2025-05-04,16.79,Industrial,Cluj,Ok,0.5596666666666666
12346,2025-05-16,16.55,Industrial,Bucuresti,Ok,0.5516666666666666
12350,2025-05-04,16.54,Industrial,Iasi,Ok,0.5513333333333333
12346,2025-06-29,16.49,Industrial,Iasi,Defect,0.5319354838709677
12349,2025-06-24,16.24,Industrial,Cluj,Ok,0.5238709677419354
12344,2025-06-15,16.13,Industrial,Iasi,Defect,0.5203225806451612
12349,2025-05-24,16.05,Industrial,Brasov,Ok,0.535
12360,2025-06-25,16.03,Industrial,Bucuresti,Defect,0.5170967741935484
12359,2025-05-08,15.93,Industrial,Cluj,Defect,0.531
12357,2025-06-15,15.92,Industrial,Bucuresti,Ok,0.5135483870967742
12342,2025-05-03,15.83,Industrial,Brasov,Ok,0.5276666666666666
12341,2025-05-28,15.53,Industrial,Iasi,Ok,0.5176666666666666
12350,2025-05-22,15.53,Industrial,Cluj,Ok,0.5176666666666666
12356,2025-06-07,15.53,Industrial,Timisoara,Ok,0.5009677419354839
12359,2025-05-27,15.43,Industrial,Brasov,Ok,0.5143333333333333
12346,2025-06-01,15.11,Industrial,Bucuresti,Defect,0.4874193548387097
12345,2025-05-04,14.97,Industrial,Brasov,Ok,0.499
12345,2025-06-30,14.92,Industrial,Cluj,Defect,0.48129032258064514
12358,2025-05-05,14.61,Industrial,Brasov,Ok,0.487
12345,2025-05-25,14.43,Industrial,Brasov,Defect,0.481
12353,2025-06-14,14.39,Industrial,Iasi,Defect,0.4641935483870968
12341,2025-05-09,14.37,Industrial,Brasov,Defect,0.479
12356,2025-06-16,14.32,Industrial,Cluj,Ok,0.4619354838709678
12355,2025-06-05,14.26,Industrial,Cluj,Ok,0.46
12357,2025-05-19,14.15,Industrial,Timisoara,Defect,0.4716666666666667
12353,2025-05-21,14.08,Industrial,Cluj,Ok,0.4693333333333333
12350,2025-05-20,14.03,Industrial,Iasi,Ok,0.4676666666666666
12353,2025-06-12,13.99,Industrial,Bucuresti,Ok,0.45129032258064516
12346,2025-05-25,13.8,Industrial,Bucuresti,Ok,0.46
12356,2025-06-05,13.5,Industrial,Timisoara,Defect,0.43548387096774194
12342,2025-05-31,13.45,Industrial,Iasi,Ok,0.43387096774193545
12342,2025-05-17,13.37,Industrial,Timisoara,Defect,0.44566666666666666
12350,2025-06-28,13.35,Industrial,Timisoara,Defect,0.43064516129032254
12354,2025-05-30,13.3,Industrial,Iasi,Defect,0.44333333333333336
12342,2025-05-16,13.29,Industrial,Brasov,Ok,0.44299999999999995
12356,2025-05-10,13.13,Industrial,Bucuresti,Ok,0.4376666666666667
12346,2025-05-08,13.08,Industrial,Timisoara,Defect,0.436
12346,2025-06-30,13.06,Industrial,Brasov,Ok,0.4212903225806452
12353,2025-05-21,13.03,Industrial,Timisoara,Ok,0.4343333333333333
12346,2025-05-25,12.99,Industrial,Brasov,Defect,0.433
12350,2025-05-09,12.72,Industrial,Timisoara,Defect,0.42400000000000004
12348,2025-05-10,12.53,Industrial,Bucuresti,Defect,0.41766666666666663
12358,2025-05-04,12.47,Industrial,Cluj,Defect,0.4156666666666667
12358,2025-05-27,12.36,Industrial,Bucuresti,Ok,0.412
12357,2025-06-21,12.02,Industrial,Cluj,Ok,0.387741935483871
12347,2025-06-20,11.89,Industrial,Brasov,Defect,0.3835483870967742
12347,2025-06-25,11.86,Industrial,Bucuresti,Ok,0.3825806451612903
12345,2025-05-13,11.83,Industrial,Cluj,Defect,0.3943333333333333
12354,2025-06-19,11.72,Industrial,Cluj,Defect,0.3780645161290323
12348,2025-11-05,11.49,Industrial,Iasi,Ok,0.3706451612903226
12346,2025-06-04,11.35,Industrial,Bucuresti,Defect,0.3661290322580645
12359,2025-05-19,11.24,Industrial,Bucuresti,Defect,0.37466666666666665
12359,2025-05-02,11.15,Industrial,Brasov,Defect,0.3716666666666667
12359,2025-11-05,11.06,Industrial,Timisoara,Ok,0.35677419354838713
12340,2025-06-02,10.94,Industrial,Cluj,Ok,0.3529032258064516
12343,2025-06-06,10.88,Industrial,Timisoara,Defect,0.3509677419354839
12340,2025-06-27,10.7,Industrial,Iasi,Ok,0.34516129032258064
12352,2025-05-27,10.67,Industrial,Brasov,Ok,0.3556666666666667
12360,2025-05-31,10.64,Industrial,Bucuresti,Ok,0.34322580645161294
12349,2025-06-18,10.6,Industrial,Iasi,Ok,0.3419354838709677
12352,2025-05-08,10.42,Industrial,Iasi,Ok,0.3473333333333333
12354,2025-06-25,10.34,Industrial,Brasov,Defect,0.3335483870967742
12353,2025-06-14,10.26,Industrial,Cluj,Ok,0.33096774193548384
12346,2025-06-25,10.22,Industrial,Bucuresti,Defect,0.32967741935483874
12345,2025-05-06,10.14,Industrial,Bucuresti,Defect,0.338
